threat_class,attack_id,dataset,detected,verifier_fn,latency_ms,root_cause
T1,T1a,NOAA-GOES18 (synthetic),yes,verify_chunk,0.0030,
T1,T1c,NOAA-GOES18 (synthetic),yes,verify_chunk,0.0017,
T1,T1b,NOAA-GOES18 (synthetic),yes,verify_root,0.0009,
T2,T2a,NOAA-GOES18 (synthetic),yes,verify_dataset,0.0124,
T2,T2b,NOAA-GOES18 (synthetic),yes,verify_dataset,0.0121,
T2,T2c,NOAA-GOES18 (synthetic),yes,verify_dataset,0.0150,
T6,T6a,NOAA-GOES18 (synthetic),yes,MerkleAttr::unpack,0.0004,
subset,subset-a,NOAA-GOES18 (synthetic),yes,verify_subset,0.0002,
subset,subset-b,NOAA-GOES18 (synthetic),yes,verify_subset,0.0029,
subset,subset-c,NOAA-GOES18 (synthetic),yes,verify_subset,0.0009,
subset,subset-d,NOAA-GOES18 (synthetic),yes,verify_subset (length guard),0.0001,
T1,T1a,EQSIM (synthetic),yes,verify_chunk,0.0046,
T1,T1c,EQSIM (synthetic),yes,verify_chunk,0.0047,
T1,T1b,EQSIM (synthetic),yes,verify_root,0.0003,
T2,T2a,EQSIM (synthetic),yes,verify_dataset,0.0167,
T2,T2b,EQSIM (synthetic),yes,verify_dataset,0.0166,
T2,T2c,EQSIM (synthetic),yes,verify_dataset,0.0176,
T6,T6a,EQSIM (synthetic),yes,MerkleAttr::unpack,0.0001,
subset,subset-a,EQSIM (synthetic),yes,verify_subset,0.0001,
subset,subset-b,EQSIM (synthetic),yes,verify_subset,0.0049,
subset,subset-c,EQSIM (synthetic),yes,verify_subset,0.0005,
subset,subset-d,EQSIM (synthetic),yes,verify_subset (length guard),0.0001,
T1,T1d,n/a,no,verify_root,0.0006,"By design for an UNSIGNED dataset: verify_root only checks companion self-consistency (companion_hash == SHA-256(nodes)) and the attribute's own H(0x03 || root || alg_id) integrity hash, neither bound to an unforgeable value -- a full attacker rebuild of the companion array and its hash reproduces both. Same root cause as T6b. This is the UNSIGNED path (verify_root alone). A SIGNED dataset IS protected and this attack is detected against it: clawhdf5_sign::canonical_payload folds companion_hash into the signed payload, and clawhdf5-format::verify_signed_root now checks that binding -- see T1f, the signed counterpart of this attack, which reports detected=yes."
T1,T1e,n/a,yes,HashAlg::hash_leaf / hash_pair (domain separation),0.0003,
T1,T1f,n/a,yes,verify_signed_root,0.0312,
T3,T3,n/a,yes,select_restore_record,0.0002,
T4,T4a,n/a,yes,VersionObservationStore::observe,0.0001,
T4,T4b,n/a,no,n/a (compute_leaf_hash not wired into any verify_* API),0.0002,"compute_leaf_hash's version-bound formula (binding chunk_idx, ciphertext, and version into the leaf hash) is not consulted by clawhdf5-format's public verify_chunk/verify_dataset -- see the TODO(P2.4) on compute_leaf_hash in clawhdf5-filters/src/filter_pipeline.rs. A selective per-chunk rollback (restoring one chunk's ciphertext and version counter together to a prior, individually-valid state) is therefore genuinely undetected by any real verifier in this workspace today; a prior version of this attack incorrectly reported detected=yes based on a tautological hash-inequality check that didn't exercise any real mechanism."
T5,T5,n/a,yes,clawhdf5_sign::verify_sig,0.1408,
T6,T6b,n/a,no,verify_dataset / MerkleAttr::unpack,0.0026,"By design for an UNSIGNED dataset: no signature is in force, so the in-band integrity hash only proves self-consistency, which a full attacker rebuild trivially reproduces -- expected, not a gap. This is the UNSIGNED path. A SIGNED dataset IS protected and this attack is detected against it: clawhdf5_sign::canonical_payload binds alg_id into the signed payload, and clawhdf5-format::verify_signed_root now checks that binding -- see T6c, the signed counterpart of this attack, which reports detected=yes."
T6,T6c,n/a,yes,verify_signed_root,0.0284,
T7,T7,n/a,yes,verify_subset (checked_padded_leaf_count),0.0002,
T8,T8,n/a,no,n/a (structure-hiding not implemented),0.0003,"Null sentinel H(0x02 || ""null"") is a fixed public constant, not PRF-masked with a Structure/Data Encryption Key; sparsity pattern is directly recoverable without decryption. Structure-hiding padded-binary-tree mode (Sec. merkle-storage) is scoped as future Phase-2 work, not yet implemented."
