rank,grid_side,alignment,n_total,leaf_order,construction,shape,k_chunks,proof_nodes,proof_size_bytes,volume_bound_nodes,surface_bound_nodes,position_frac,proof_ms,proof_ci95_low,proof_ci95_high,verify_ms,verify_ci95_low,verify_ci95_high,trials
2,256,aligned,65536,row_major,naive_dedup,block,16,60,3136,256,128,-0.5312,0.002966,0.002946,0.002975,0.048547,0.048531,0.048577,30
2,256,aligned,65536,row_major,canonical_pruned,block,16,30,1936,256,128,-0.7656,0.002861,0.002840,0.002881,0.011928,0.011912,0.011978,30
2,256,aligned,65536,row_major,naive_dedup,strided,16,72,3616,256,,,0.003496,0.003462,0.003531,0.048942,0.048923,0.048967,30
2,256,aligned,65536,row_major,canonical_pruned,strided,16,42,2416,256,,,0.003657,0.003636,0.003672,0.014833,0.014808,0.014873,30
2,256,aligned,65536,row_major,naive_dedup,sparse,16,210,9136,256,,,0.872130,0.853641,0.875948,0.906991,0.903174,0.910148,30
2,256,aligned,65536,row_major,canonical_pruned,sparse,16,180,7936,256,,,0.888467,0.834489,0.895109,0.809473,0.786188,0.913479,30
2,256,offset,65536,row_major,naive_dedup,block,16,70,3536,256,128,-0.4531,0.002365,0.002349,0.002414,0.037551,0.037531,0.037576,30
2,256,offset,65536,row_major,canonical_pruned,block,16,40,2336,256,128,-0.6875,0.002475,0.002445,0.002494,0.010840,0.010821,0.010841,30
2,256,offset,65536,row_major,naive_dedup,strided,16,82,4016,256,,,0.002720,0.002706,0.002730,0.037751,0.037741,0.037767,30
2,256,offset,65536,row_major,canonical_pruned,strided,16,52,2816,256,,,0.003231,0.003216,0.003256,0.013205,0.013165,0.013235,30
2,256,offset,65536,row_major,naive_dedup,sparse,16,210,9136,256,,,0.782722,0.775027,0.793697,0.812538,0.805665,0.827321,30
2,256,offset,65536,row_major,canonical_pruned,sparse,16,180,7936,256,,,0.786834,0.779871,0.844333,0.821691,0.814472,0.988150,30
2,256,aligned,65536,row_major,naive_dedup,block,64,171,9496,1024,256,-0.1107,0.008871,0.008807,0.008962,0.149908,0.149863,0.149978,30
2,256,aligned,65536,row_major,canonical_pruned,block,64,45,4456,1024,256,-0.2747,0.005956,0.005941,0.006001,0.025588,0.025558,0.025608,30
2,256,aligned,65536,row_major,naive_dedup,strided,64,227,11736,1024,,,0.012559,0.012524,0.012638,0.152292,0.151396,0.152663,30
2,256,aligned,65536,row_major,canonical_pruned,strided,64,101,6696,1024,,,0.011968,0.011933,0.011997,0.037971,0.037866,0.038022,30
2,256,aligned,65536,row_major,naive_dedup,sparse,64,707,30936,1024,,,2.167445,2.159720,2.339815,2.341854,2.304253,2.621120,30
2,256,aligned,65536,row_major,canonical_pruned,sparse,64,581,25896,1024,,,2.154517,2.148451,2.250974,2.239062,2.226724,2.284718,30
2,256,offset,65536,row_major,naive_dedup,block,64,198,10576,1024,256,-0.0755,0.009223,0.009167,0.009288,0.148841,0.148811,0.148961,30
2,256,offset,65536,row_major,canonical_pruned,block,64,72,5536,1024,256,-0.2396,0.006928,0.006903,0.006953,0.029837,0.029811,0.029866,30
2,256,offset,65536,row_major,naive_dedup,strided,64,246,12496,1024,,,0.012979,0.012884,0.013065,0.152332,0.152228,0.152523,30
2,256,offset,65536,row_major,canonical_pruned,strided,64,120,7456,1024,,,0.012578,0.012529,0.012669,0.041278,0.041223,0.041348,30
2,256,offset,65536,row_major,naive_dedup,sparse,64,707,30936,1024,,,2.134749,2.124496,2.148446,2.260417,2.255082,2.267520,30
2,256,offset,65536,row_major,canonical_pruned,sparse,64,581,25896,1024,,,2.154833,2.152082,2.162056,2.234642,2.229468,2.252391,30
2,256,aligned,65536,row_major,naive_dedup,block,256,578,33456,4096,512,0.0184,0.037616,0.037285,0.038623,0.594848,0.593911,0.597118,30
2,256,aligned,65536,row_major,canonical_pruned,block,256,68,13056,4096,512,-0.1239,0.021285,0.021220,0.021361,0.084149,0.084084,0.084510,30
2,256,aligned,65536,row_major,naive_dedup,strided,256,818,43056,4096,,,0.089955,0.089579,0.090696,0.644857,0.644020,0.645148,30
2,256,aligned,65536,row_major,canonical_pruned,strided,256,308,22656,4096,,,0.087144,0.086674,0.088316,0.179183,0.178432,0.179674,30
2,256,aligned,65536,row_major,naive_dedup,sparse,256,2332,103616,4096,,,8.002186,7.826549,8.582225,8.544529,8.362986,9.002448,30
2,256,aligned,65536,row_major,canonical_pruned,sparse,256,1822,83216,4096,,,8.099754,7.947006,8.372635,8.368562,8.161361,8.671850,30
2,256,offset,65536,row_major,naive_dedup,block,256,646,36176,4096,512,0.0374,0.038097,0.037952,0.038392,0.595184,0.594497,0.596306,30
2,256,offset,65536,row_major,canonical_pruned,block,256,136,15776,4096,512,-0.1049,0.024667,0.024612,0.024907,0.096377,0.096277,0.096543,30
2,256,offset,65536,row_major,naive_dedup,strided,256,854,44496,4096,,,0.090636,0.089729,0.092124,0.644631,0.644000,0.644757,30
2,256,offset,65536,row_major,canonical_pruned,strided,256,344,24096,4096,,,0.090631,0.089580,0.092545,0.185886,0.185390,0.186752,30
2,256,offset,65536,row_major,naive_dedup,sparse,256,2332,103616,4096,,,7.837750,7.782069,8.430554,8.573103,8.297664,9.056160,30
2,256,offset,65536,row_major,canonical_pruned,sparse,256,1822,83216,4096,,,8.115343,7.977704,8.485588,8.392226,8.187586,8.643756,30
2,256,aligned,65536,row_major,naive_dedup,block,1024,2145,126856,16384,1024,0.0730,0.215136,0.212942,0.217911,2.381089,2.377784,2.391510,30
2,256,aligned,65536,row_major,canonical_pruned,block,1024,99,45016,16384,1024,-0.0602,0.124144,0.123478,0.125807,0.335508,0.334421,0.336355,30
2,256,aligned,65536,row_major,naive_dedup,strided,1024,3137,166536,16384,,,0.992784,0.988947,0.995318,3.185563,3.179277,3.190302,30
2,256,aligned,65536,row_major,canonical_pruned,strided,1024,1091,84696,16384,,,1.021558,1.020316,1.025305,1.334389,1.333172,1.335972,30
2,256,aligned,65536,row_major,naive_dedup,sparse,1024,7333,334376,16384,,,32.702747,32.621278,32.839135,34.820274,34.678517,34.905731,30
2,256,aligned,65536,row_major,canonical_pruned,sparse,1024,5287,252536,16384,,,33.380511,33.304688,33.828798,34.326843,34.022193,35.603227,30
2,256,offset,65536,row_major,naive_dedup,block,1024,2310,133456,16384,1024,0.0837,0.236631,0.235815,0.237949,2.480717,2.478148,2.483613,30
2,256,offset,65536,row_major,canonical_pruned,block,1024,264,51616,16384,1024,-0.0495,0.162287,0.161555,0.163409,0.393874,0.392966,0.394950,30
2,256,offset,65536,row_major,naive_dedup,strided,1024,3238,170576,16384,,,1.034512,1.031097,1.041336,3.254784,3.249925,3.260655,30
2,256,offset,65536,row_major,canonical_pruned,strided,1024,1192,88736,16384,,,1.045744,1.043335,1.048013,1.376639,1.372952,1.377706,30
2,256,offset,65536,row_major,naive_dedup,sparse,1024,7333,334376,16384,,,32.932154,32.863620,33.054025,35.235529,34.925823,37.760334,30
2,256,offset,65536,row_major,canonical_pruned,sparse,1024,5287,252536,16384,,,33.437434,33.180363,34.694772,34.421366,33.928681,36.694577,30
2,256,aligned,65536,morton,naive_dedup,block,16,42,2416,256,128,-0.6719,0.002575,0.002569,0.002599,0.038193,0.038182,0.038232,30
2,256,aligned,65536,morton,canonical_pruned,block,16,12,1216,256,128,-0.9062,0.002054,0.002054,0.002074,0.006898,0.006888,0.006918,30
2,256,aligned,65536,morton,naive_dedup,strided,16,50,2736,256,,,0.002945,0.002936,0.002946,0.038453,0.038432,0.038468,30
2,256,aligned,65536,morton,canonical_pruned,strided,16,20,1536,256,,,0.002595,0.002585,0.002595,0.008381,0.008360,0.008446,30
2,256,aligned,65536,morton,naive_dedup,sparse,16,213,9256,256,,,0.765414,0.755931,0.894719,0.931864,0.929805,0.932721,30
2,256,aligned,65536,morton,canonical_pruned,sparse,16,183,8056,256,,,0.890947,0.889965,0.893536,0.917808,0.916064,0.920117,30
2,256,offset,65536,morton,naive_dedup,block,16,59,3096,256,128,-0.5391,0.002861,0.002845,0.002876,0.038988,0.038969,0.039028,30
2,256,offset,65536,morton,canonical_pruned,block,16,29,1896,256,128,-0.7734,0.002700,0.002685,0.002725,0.009864,0.009839,0.009879,30
2,256,offset,65536,morton,naive_dedup,strided,16,69,3496,256,,,0.003161,0.003156,0.003171,0.038533,0.038232,0.038543,30
2,256,offset,65536,morton,canonical_pruned,strided,16,39,2296,256,,,0.003246,0.003201,0.003251,0.011817,0.011577,0.011842,30
2,256,offset,65536,morton,naive_dedup,sparse,16,213,9256,256,,,0.765405,0.757045,0.888632,0.923693,0.921208,0.925693,30
2,256,offset,65536,morton,canonical_pruned,sparse,16,183,8056,256,,,0.898100,0.897354,0.898737,0.925126,0.924039,0.925853,30
2,256,aligned,65536,morton,naive_dedup,block,64,136,8096,1024,256,-0.1562,0.010119,0.010094,0.010164,0.151161,0.151055,0.151997,30
2,256,aligned,65536,morton,canonical_pruned,block,64,10,3056,1024,256,-0.3203,0.006753,0.006733,0.006803,0.021686,0.021666,0.021706,30
2,256,aligned,65536,morton,naive_dedup,strided,64,168,9376,1024,,,0.014041,0.013937,0.014096,0.153811,0.153775,0.154577,30
2,256,aligned,65536,morton,canonical_pruned,strided,64,42,4336,1024,,,0.011006,0.010931,0.011066,0.029791,0.029756,0.029896,30
2,256,aligned,65536,morton,naive_dedup,sparse,64,712,31136,1024,,,2.146632,2.144749,2.148827,2.285449,2.277650,2.291581,30
2,256,aligned,65536,morton,canonical_pruned,sparse,64,586,26096,1024,,,2.187850,2.179289,2.323977,2.258734,2.252262,2.275421,30
2,256,offset,65536,morton,naive_dedup,block,64,173,9576,1024,256,-0.1081,0.010810,0.010745,0.010971,0.151176,0.150980,0.152062,30
2,256,offset,65536,morton,canonical_pruned,block,64,47,4536,1024,256,-0.2721,0.008090,0.008065,0.008110,0.027712,0.027667,0.027777,30
2,256,offset,65536,morton,naive_dedup,strided,64,207,10936,1024,,,0.014718,0.014623,0.014849,0.153975,0.153915,0.154191,30
2,256,offset,65536,morton,canonical_pruned,strided,64,81,5896,1024,,,0.012649,0.012584,0.012715,0.036595,0.036524,0.036719,30
2,256,offset,65536,morton,naive_dedup,sparse,64,712,31136,1024,,,2.194082,2.190404,2.205769,2.328756,2.316338,2.347241,30
2,256,offset,65536,morton,canonical_pruned,sparse,64,586,26096,1024,,,2.234903,2.228417,2.248324,2.310892,2.304836,2.322214,30
2,256,aligned,65536,morton,naive_dedup,block,256,518,31056,4096,512,0.0017,0.043722,0.043602,0.043938,0.607757,0.606445,0.609130,30
2,256,aligned,65536,morton,canonical_pruned,block,256,8,10656,4096,512,-0.1406,0.027431,0.027387,0.027477,0.083588,0.083448,0.083648,30
2,256,aligned,65536,morton,naive_dedup,strided,256,646,36176,4096,,,0.094268,0.093913,0.094478,0.651209,0.650217,0.651996,30
2,256,aligned,65536,morton,canonical_pruned,strided,256,136,15776,4096,,,0.083187,0.083032,0.083372,0.155609,0.155499,0.155824,30
2,256,aligned,65536,morton,naive_dedup,sparse,256,2327,103416,4096,,,8.101228,7.812347,8.394772,8.499139,8.383315,8.814910,30
2,256,aligned,65536,morton,canonical_pruned,sparse,256,1817,83016,4096,,,8.260252,8.008066,8.901608,8.270662,8.220222,8.628358,30
2,256,offset,65536,morton,naive_dedup,block,256,593,34056,4096,512,0.0226,0.046698,0.046132,0.047339,0.613673,0.612376,0.615056,30
2,256,offset,65536,morton,canonical_pruned,block,256,83,13656,4096,512,-0.1197,0.030718,0.030478,0.030873,0.096727,0.095886,0.096999,30
2,256,offset,65536,morton,naive_dedup,strided,256,725,39336,4096,,,0.100600,0.100119,0.101122,0.676937,0.668662,0.678611,30
2,256,offset,65536,morton,canonical_pruned,strided,256,215,18936,4096,,,0.089444,0.089134,0.090956,0.173217,0.171774,0.175030,30
2,256,offset,65536,morton,naive_dedup,sparse,256,2327,103416,4096,,,8.275581,7.994466,9.635003,8.508316,8.434691,8.803057,30
2,256,offset,65536,morton,canonical_pruned,sparse,256,1817,83016,4096,,,8.668533,8.037868,10.873380,8.321268,8.227416,8.525008,30
2,256,aligned,65536,morton,naive_dedup,block,1024,2052,123136,16384,1024,0.0669,0.238365,0.236842,0.239212,2.422773,2.414627,2.426095,30
2,256,aligned,65536,morton,canonical_pruned,block,1024,6,41296,16384,1024,-0.0663,0.150139,0.149477,0.151311,0.354043,0.353558,0.354890,30
2,256,aligned,65536,morton,naive_dedup,strided,1024,2564,143616,16384,,,1.022369,1.020576,1.025961,3.224512,3.217669,3.228490,30
2,256,aligned,65536,morton,canonical_pruned,strided,1024,518,61776,16384,,,1.397187,0.981692,1.401856,1.246037,1.234917,1.653682,30
2,256,aligned,65536,morton,naive_dedup,sparse,1024,7348,334976,16384,,,33.988444,33.869704,35.082449,35.989472,35.743267,41.087820,30
2,256,aligned,65536,morton,canonical_pruned,sparse,1024,5302,253136,16384,,,34.197328,34.120127,34.383204,35.705956,34.986743,37.444818,30
2,256,offset,65536,morton,naive_dedup,block,1024,2201,129096,16384,1024,0.0766,0.245378,0.244677,0.246525,2.408912,2.407058,2.411677,30
2,256,offset,65536,morton,canonical_pruned,block,1024,155,47256,16384,1024,-0.0566,0.174679,0.174284,0.175912,0.387787,0.387416,0.388965,30
2,256,offset,65536,morton,naive_dedup,strided,1024,2725,150056,16384,,,1.027359,1.024875,1.029313,3.213185,3.205301,3.220139,30
2,256,offset,65536,morton,canonical_pruned,strided,1024,679,68216,16384,,,1.010352,1.007998,1.013393,1.278389,1.274075,1.280367,30
2,256,offset,65536,morton,naive_dedup,sparse,1024,7348,334976,16384,,,33.834388,33.595888,34.406018,35.489963,35.418744,35.605336,30
2,256,offset,65536,morton,canonical_pruned,sparse,1024,5302,253136,16384,,,33.889908,33.755194,34.066707,34.616228,34.537836,34.771893,30
2,256,aligned,65536,hilbert,naive_dedup,block,16,42,2416,256,128,-0.6719,0.002900,0.002855,0.002930,0.037887,0.037871,0.037892,30
2,256,aligned,65536,hilbert,canonical_pruned,block,16,12,1216,256,128,-0.9062,0.002314,0.002304,0.002329,0.007088,0.007064,0.007104,30
2,256,aligned,65536,hilbert,naive_dedup,strided,16,53,2856,256,,,0.003121,0.003115,0.003126,0.038177,0.038167,0.038182,30
2,256,aligned,65536,hilbert,canonical_pruned,strided,16,23,1656,256,,,0.002885,0.002876,0.002895,0.009087,0.009077,0.009097,30
2,256,aligned,65536,hilbert,naive_dedup,sparse,16,213,9256,256,,,0.864467,0.757199,0.880397,0.914091,0.787146,0.921395,30
2,256,aligned,65536,hilbert,canonical_pruned,sparse,16,183,8056,256,,,0.896802,0.896127,0.898341,0.923954,0.922331,0.924505,30
2,256,offset,65536,hilbert,naive_dedup,block,16,59,3096,256,128,-0.5391,0.003015,0.002996,0.003056,0.038477,0.038453,0.038513,30
2,256,offset,65536,hilbert,canonical_pruned,block,16,29,1896,256,128,-0.7734,0.002851,0.002835,0.002870,0.009849,0.009834,0.009864,30
2,256,offset,65536,hilbert,naive_dedup,strided,16,72,3616,256,,,0.003326,0.003307,0.003337,0.038343,0.038312,0.038372,30
2,256,offset,65536,hilbert,canonical_pruned,strided,16,42,2416,256,,,0.003436,0.003426,0.003446,0.012183,0.012163,0.012188,30
2,256,offset,65536,hilbert,naive_dedup,sparse,16,213,9256,256,,,0.882567,0.758101,0.886267,0.915949,0.787972,0.919661,30
2,256,offset,65536,hilbert,canonical_pruned,sparse,16,183,8056,256,,,0.886498,0.884895,0.887626,0.914056,0.913099,0.916725,30
2,256,aligned,65536,hilbert,naive_dedup,block,64,136,8096,1024,256,-0.1562,0.011151,0.011086,0.011191,0.153049,0.152513,0.153239,30
2,256,aligned,65536,hilbert,canonical_pruned,block,64,10,3056,1024,256,-0.3203,0.007765,0.007715,0.007799,0.022738,0.022713,0.022818,30
2,256,aligned,65536,hilbert,naive_dedup,strided,64,184,10016,1024,,,0.014868,0.014828,0.014954,0.154747,0.154667,0.155048,30
2,256,aligned,65536,hilbert,canonical_pruned,strided,64,58,4976,1024,,,0.012644,0.012584,0.012774,0.033669,0.033578,0.033754,30
2,256,aligned,65536,hilbert,naive_dedup,sparse,64,715,31256,1024,,,2.123604,2.116852,2.137539,2.268833,2.261238,2.289582,30
2,256,aligned,65536,hilbert,canonical_pruned,sparse,64,589,26216,1024,,,2.147774,2.143266,2.155248,2.234763,2.225516,2.246415,30
2,256,offset,65536,hilbert,naive_dedup,block,64,173,9576,1024,256,-0.1081,0.011702,0.011657,0.011838,0.151837,0.151772,0.152388,30
2,256,offset,65536,hilbert,canonical_pruned,block,64,47,4536,1024,256,-0.2721,0.008911,0.008896,0.008932,0.028674,0.028639,0.028694,30
2,256,offset,65536,hilbert,naive_dedup,strided,64,217,11336,1024,,,0.015524,0.015399,0.015685,0.154892,0.154782,0.155263,30
2,256,offset,65536,hilbert,canonical_pruned,strided,64,91,6296,1024,,,0.013821,0.013776,0.013846,0.038858,0.038823,0.038894,30
2,256,offset,65536,hilbert,naive_dedup,sparse,64,715,31256,1024,,,2.119822,2.116656,2.123118,2.252362,2.248585,2.257667,30
2,256,offset,65536,hilbert,canonical_pruned,sparse,64,589,26216,1024,,,2.156721,2.148124,2.171194,2.231988,2.227515,2.240835,30
2,256,aligned,65536,hilbert,naive_dedup,block,256,518,31056,4096,512,0.0017,0.047490,0.047169,0.047675,0.607066,0.606680,0.607673,30
2,256,aligned,65536,hilbert,canonical_pruned,block,256,8,10656,4096,512,-0.1406,0.031209,0.031108,0.031384,0.087350,0.087084,0.087660,30
2,256,aligned,65536,hilbert,naive_dedup,strided,256,709,38696,4096,,,0.097770,0.097414,0.097945,0.654155,0.653353,0.654931,30
2,256,aligned,65536,hilbert,canonical_pruned,strided,256,199,18296,4096,,,0.090676,0.090430,0.091563,0.170011,0.169745,0.170666,30
2,256,aligned,65536,hilbert,naive_dedup,sparse,256,2326,103376,4096,,,8.124651,8.046474,9.883001,8.558435,8.547470,8.613124,30
2,256,aligned,65536,hilbert,canonical_pruned,sparse,256,1816,82976,4096,,,8.175603,8.161131,8.211711,8.407325,8.394692,8.422690,30
2,256,offset,65536,hilbert,naive_dedup,block,256,593,34056,4096,512,0.0226,0.047845,0.047640,0.048011,0.605668,0.605147,0.606264,30
2,256,offset,65536,hilbert,canonical_pruned,block,256,83,13656,4096,512,-0.1197,0.033563,0.033423,0.033654,0.098937,0.098826,0.099087,30
2,256,offset,65536,hilbert,naive_dedup,strided,256,776,41376,4096,,,0.099774,0.099518,0.100730,0.655011,0.654575,0.655477,30
2,256,offset,65536,hilbert,canonical_pruned,strided,256,266,20976,4096,,,0.095344,0.095009,0.096402,0.181598,0.181097,0.182856,30
2,256,offset,65536,hilbert,naive_dedup,sparse,256,2326,103376,4096,,,8.087006,8.049189,8.870991,8.604628,8.576870,8.774964,30
2,256,offset,65536,hilbert,canonical_pruned,sparse,256,1816,82976,4096,,,8.165960,8.149548,8.207543,8.402305,8.388946,8.464724,30
2,256,aligned,65536,hilbert,naive_dedup,block,1024,2052,123136,16384,1024,0.0669,0.249071,0.248479,0.249951,2.421100,2.420304,2.422072,30
2,256,aligned,65536,hilbert,canonical_pruned,block,1024,6,41296,16384,1024,-0.0663,0.165121,0.164576,0.165884,0.367028,0.366642,0.367949,30
2,256,aligned,65536,hilbert,naive_dedup,strided,1024,2820,153856,16384,,,1.215274,1.042208,1.447503,3.229922,3.222714,3.234701,30
2,256,aligned,65536,hilbert,canonical_pruned,strided,1024,774,72016,16384,,,1.041181,1.038596,1.046641,1.317909,1.315268,1.319851,30
2,256,aligned,65536,hilbert,naive_dedup,sparse,1024,7357,335336,16384,,,33.556123,33.435705,33.600386,35.498058,35.412041,35.603878,30
2,256,aligned,65536,hilbert,canonical_pruned,sparse,1024,5311,253496,16384,,,33.710674,33.661221,33.849893,34.508426,34.368076,34.639933,30
2,256,offset,65536,hilbert,naive_dedup,block,1024,2201,129096,16384,1024,0.0766,0.261188,0.259995,0.262075,2.431990,2.430392,2.434355,30
2,256,offset,65536,hilbert,canonical_pruned,block,1024,155,47256,16384,1024,-0.0566,0.194562,0.193666,0.195198,0.409142,0.407825,0.410219,30
2,256,offset,65536,hilbert,naive_dedup,strided,1024,2953,159176,16384,,,1.050148,1.046265,1.052687,3.252966,3.244725,3.257894,30
2,256,offset,65536,hilbert,canonical_pruned,strided,1024,907,77336,16384,,,1.062561,1.058323,1.256181,1.348085,1.344688,1.351281,30
2,256,offset,65536,hilbert,naive_dedup,sparse,1024,7357,335336,16384,,,33.923901,33.827490,33.973155,35.852177,35.759982,35.984181,30
2,256,offset,65536,hilbert,canonical_pruned,sparse,1024,5311,253496,16384,,,34.271428,34.193436,34.405721,34.893743,34.853001,35.070611,30
3,32,aligned,32768,row_major,naive_dedup,block,8,42,2112,120,180,0.0000,0.001332,0.001332,0.001342,0.017634,0.017624,0.017639,30
3,32,aligned,32768,row_major,canonical_pruned,block,8,28,1552,120,180,0.0000,0.001608,0.001593,0.001613,0.006652,0.006643,0.006653,30
3,32,aligned,32768,row_major,naive_dedup,strided,8,46,2272,120,,,0.001423,0.001422,0.001433,0.017773,0.017773,0.017784,30
3,32,aligned,32768,row_major,canonical_pruned,strided,8,32,1712,120,,,0.001814,0.001808,0.001824,0.007389,0.007384,0.007414,30
3,32,aligned,32768,row_major,naive_dedup,sparse,8,106,4672,120,,,0.101678,0.101221,0.102413,0.117903,0.117321,0.118499,30
3,32,aligned,32768,row_major,canonical_pruned,sparse,8,92,4112,120,,,0.103630,0.103230,0.103916,0.117417,0.117001,0.117628,30
3,32,offset,32768,row_major,naive_dedup,block,8,42,2112,120,180,0.0000,0.001352,0.001332,0.001358,0.017934,0.017924,0.017934,30
3,32,offset,32768,row_major,canonical_pruned,block,8,28,1552,120,180,0.0000,0.001593,0.001583,0.001593,0.006693,0.006683,0.006703,30
3,32,offset,32768,row_major,naive_dedup,strided,8,50,2432,120,,,0.001502,0.001468,0.001513,0.017874,0.017869,0.017883,30
3,32,offset,32768,row_major,canonical_pruned,strided,8,36,1872,120,,,0.001964,0.001954,0.001973,0.008116,0.008115,0.008125,30
3,32,offset,32768,row_major,naive_dedup,sparse,8,106,4672,120,,,0.101742,0.101436,0.102163,0.117993,0.117852,0.118188,30
3,32,offset,32768,row_major,canonical_pruned,sparse,8,92,4112,120,,,0.102683,0.102528,0.103065,0.116580,0.116460,0.116850,30
3,32,aligned,32768,row_major,naive_dedup,block,64,189,10232,960,720,-2.2125,0.009202,0.009137,0.009317,0.141367,0.140891,0.142224,30
3,32,aligned,32768,row_major,canonical_pruned,block,64,63,5192,960,720,-2.7375,0.007053,0.007013,0.007114,0.028999,0.028975,0.029060,30
3,32,aligned,32768,row_major,naive_dedup,strided,64,237,12152,960,,,0.012724,0.012684,0.012889,0.143701,0.143390,0.143911,30
3,32,aligned,32768,row_major,canonical_pruned,strided,64,111,7112,960,,,0.012564,0.012474,0.012624,0.040361,0.040161,0.040432,30
3,32,aligned,32768,row_major,naive_dedup,sparse,64,632,27952,960,,,1.097061,1.095333,1.099325,1.223094,1.222132,1.225939,30
3,32,aligned,32768,row_major,canonical_pruned,sparse,64,506,22912,960,,,1.127007,1.123621,1.133279,1.195797,1.192215,1.197756,30
3,32,offset,32768,row_major,naive_dedup,block,64,231,11912,960,720,-2.0375,0.009829,0.009698,0.009913,0.141126,0.140636,0.141688,30
3,32,offset,32768,row_major,canonical_pruned,block,64,105,6872,960,720,-2.5625,0.008721,0.008626,0.008777,0.036003,0.035963,0.036093,30
3,32,offset,32768,row_major,naive_dedup,strided,64,295,14472,960,,,0.013515,0.013410,0.013626,0.143856,0.143702,0.144177,30
3,32,offset,32768,row_major,canonical_pruned,strided,64,169,9432,960,,,0.015199,0.015163,0.015269,0.050009,0.049934,0.050095,30
3,32,offset,32768,row_major,naive_dedup,sparse,64,632,27952,960,,,1.095808,1.094576,1.098604,1.225353,1.221059,1.227517,30
3,32,offset,32768,row_major,canonical_pruned,sparse,64,506,22912,960,,,1.124928,1.123426,1.136887,1.194550,1.191654,1.197456,30
3,32,aligned,32768,row_major,naive_dedup,block,512,1168,67312,7680,2880,-0.3567,0.089524,0.088747,0.091652,1.121567,1.121047,1.124993,30
3,32,aligned,32768,row_major,canonical_pruned,block,512,146,26432,7680,2880,-0.5696,0.051843,0.051227,0.053837,0.179919,0.179273,0.180871,30
3,32,aligned,32768,row_major,naive_dedup,strided,512,1680,87792,7680,,,0.305316,0.304400,0.306058,1.306862,1.305515,1.308069,30
3,32,aligned,32768,row_major,canonical_pruned,strided,512,658,46912,7680,,,0.308372,0.307706,0.309354,0.485446,0.483994,0.486950,30
3,32,aligned,32768,row_major,naive_dedup,sparse,512,3650,166592,7680,,,8.221920,8.203902,8.263784,9.220695,9.210346,9.235333,30
3,32,aligned,32768,row_major,canonical_pruned,sparse,512,2628,125712,7680,,,8.416302,8.376947,8.506452,8.823306,8.813577,8.839791,30
3,32,offset,32768,row_major,naive_dedup,block,512,1460,78992,7680,2880,-0.2958,0.111615,0.108716,0.112923,1.122895,1.122589,1.123546,30
3,32,offset,32768,row_major,canonical_pruned,block,512,438,38112,7680,2880,-0.5088,0.100750,0.099723,0.101938,0.248790,0.248338,0.249491,30
3,32,offset,32768,row_major,naive_dedup,strided,512,1780,91792,7680,,,0.306013,0.305186,0.306824,1.310188,1.308220,1.312563,30
3,32,offset,32768,row_major,canonical_pruned,strided,512,758,50912,7680,,,0.330674,0.329812,0.332101,0.512838,0.511997,0.513940,30
3,32,offset,32768,row_major,naive_dedup,sparse,512,3650,166592,7680,,,7.936752,7.888151,8.006363,8.951352,8.918921,8.992299,30
3,32,offset,32768,row_major,canonical_pruned,sparse,512,2628,125712,7680,,,8.104740,8.036650,8.138522,8.485187,8.451378,8.556347,30
3,32,aligned,32768,row_major,naive_dedup,block,4096,8463,502472,61440,11520,-0.0612,0.936232,0.932761,0.939949,8.972442,8.955094,8.986528,30
3,32,aligned,32768,row_major,canonical_pruned,block,4096,273,174872,61440,11520,-0.2253,0.577511,0.576849,0.580245,1.400508,1.396486,1.403604,30
3,32,aligned,32768,row_major,naive_dedup,strided,4096,12303,656072,61440,,,11.693418,11.656534,11.723059,19.769454,19.749235,19.795027,30
3,32,aligned,32768,row_major,canonical_pruned,strided,4096,4113,328472,61440,,,11.709484,11.686801,11.727843,13.013110,12.976170,13.037480,30
3,32,aligned,32768,row_major,naive_dedup,sparse,4096,17811,876392,61440,,,56.660501,56.452033,57.025275,65.939696,64.614601,67.670635,30
3,32,aligned,32768,row_major,canonical_pruned,sparse,4096,9621,548792,61440,,,56.906025,56.721266,57.146984,58.736074,58.663813,58.889905,30
3,32,offset,32768,row_major,naive_dedup,block,4096,9555,546152,61440,11520,-0.0394,1.012551,1.007196,1.020226,8.957143,8.947625,8.970538,30
3,32,offset,32768,row_major,canonical_pruned,block,4096,1365,218552,61440,11520,-0.2034,0.727734,0.726522,0.729146,1.646678,1.644464,1.651147,30
3,32,offset,32768,row_major,naive_dedup,strided,3072,9555,505192,46080,,,7.040761,7.028342,7.061480,13.085576,13.075532,13.110603,30
3,32,offset,32768,row_major,canonical_pruned,strided,3072,3413,259512,46080,,,7.125020,7.118668,7.134087,8.095517,8.073069,8.109368,30
3,32,offset,32768,row_major,naive_dedup,sparse,4096,17811,876392,61440,,,57.675297,57.632836,58.093025,65.980905,65.658096,67.423082,30
3,32,offset,32768,row_major,canonical_pruned,sparse,4096,9621,548792,61440,,,58.195719,58.007950,58.274503,60.008550,59.898008,60.121690,30
3,32,aligned,32768,morton,naive_dedup,block,8,26,1472,120,180,0.0000,0.001353,0.001352,0.001372,0.017864,0.017854,0.017874,30
3,32,aligned,32768,morton,canonical_pruned,block,8,12,912,120,180,0.0000,0.001312,0.001302,0.001322,0.004298,0.004288,0.004308,30
3,32,aligned,32768,morton,naive_dedup,strided,8,29,1592,120,,,0.001463,0.001453,0.001473,0.017964,0.017944,0.017984,30
3,32,aligned,32768,morton,canonical_pruned,strided,8,15,1032,120,,,0.001442,0.001433,0.001453,0.004869,0.004864,0.004879,30
3,32,aligned,32768,morton,naive_dedup,sparse,8,101,4472,120,,,0.101933,0.101652,0.102659,0.118403,0.118123,0.118974,30
3,32,aligned,32768,morton,canonical_pruned,sparse,8,87,3912,120,,,0.103190,0.102829,0.103646,0.116289,0.115614,0.116930,30
3,32,offset,32768,morton,naive_dedup,block,8,26,1472,120,180,0.0000,0.001383,0.001373,0.001398,0.018139,0.018124,0.018329,30
3,32,offset,32768,morton,canonical_pruned,block,8,12,912,120,180,0.0000,0.001283,0.001282,0.001293,0.004348,0.004348,0.004358,30
3,32,offset,32768,morton,naive_dedup,strided,8,32,1712,120,,,0.001522,0.001513,0.001523,0.017979,0.017969,0.017984,30
3,32,offset,32768,morton,canonical_pruned,strided,8,18,1152,120,,,0.001603,0.001593,0.001613,0.005300,0.005290,0.005310,30
3,32,offset,32768,morton,naive_dedup,sparse,8,101,4472,120,,,0.100700,0.100650,0.100780,0.117001,0.116931,0.117181,30
3,32,offset,32768,morton,canonical_pruned,sparse,8,87,3912,120,,,0.103355,0.102659,0.103616,0.116334,0.115738,0.116810,30
3,32,aligned,32768,morton,naive_dedup,block,64,135,8072,960,720,-2.4375,0.009874,0.009813,0.010109,0.142840,0.142699,0.143020,30
3,32,aligned,32768,morton,canonical_pruned,block,64,9,3032,960,720,-2.9625,0.006778,0.006733,0.006843,0.021541,0.021511,0.021596,30
3,32,aligned,32768,morton,naive_dedup,strided,64,152,8752,960,,,0.013671,0.013476,0.013891,0.145674,0.145384,0.145790,30
3,32,aligned,32768,morton,canonical_pruned,strided,64,26,3712,960,,,0.015259,0.015043,0.015474,0.032912,0.032581,0.033158,30
3,32,aligned,32768,morton,naive_dedup,sparse,64,663,29192,960,,,1.090408,1.088710,1.094672,1.217684,1.214662,1.220279,30
3,32,aligned,32768,morton,canonical_pruned,sparse,64,537,24152,960,,,1.121357,1.118561,1.124167,1.192997,1.190908,1.197826,30
3,32,offset,32768,morton,naive_dedup,block,64,225,11672,960,720,-2.0625,0.011381,0.011296,0.011742,0.142244,0.142118,0.143010,30
3,32,offset,32768,morton,canonical_pruned,block,64,99,6632,960,720,-2.5875,0.010375,0.010315,0.010460,0.036594,0.036534,0.036689,30
3,32,offset,32768,morton,naive_dedup,strided,64,257,12952,960,,,0.015279,0.014988,0.015579,0.145545,0.145460,0.145746,30
3,32,offset,32768,morton,canonical_pruned,strided,64,131,7912,960,,,0.015319,0.015078,0.015394,0.045211,0.045101,0.045441,30
3,32,offset,32768,morton,naive_dedup,sparse,64,663,29192,960,,,1.093268,1.089702,1.099686,1.216517,1.212624,1.221406,30
3,32,offset,32768,morton,canonical_pruned,sparse,64,537,24152,960,,,1.130238,1.122339,1.136300,1.204964,1.196769,1.211732,30
3,32,aligned,32768,morton,naive_dedup,block,512,1028,61712,7680,2880,-0.3858,0.090846,0.090070,0.093276,1.132178,1.131842,1.133048,30
3,32,aligned,32768,morton,canonical_pruned,block,512,6,20832,7680,2880,-0.5988,0.055224,0.054823,0.055610,0.166935,0.165913,0.168212,30
3,32,aligned,32768,morton,naive_dedup,strided,512,1160,66992,7680,,,0.290804,0.289407,0.293164,1.316394,1.315278,1.321230,30
3,32,aligned,32768,morton,canonical_pruned,strided,512,138,26112,7680,,,0.252512,0.250838,0.258744,0.377312,0.376290,0.379131,30
3,32,aligned,32768,morton,naive_dedup,sparse,512,3674,167552,7680,,,7.904006,7.889543,7.927945,8.892466,8.870545,8.907709,30
3,32,aligned,32768,morton,canonical_pruned,sparse,512,2652,126672,7680,,,8.070645,8.040949,8.085869,8.487386,8.462656,8.609347,30
3,32,offset,32768,morton,naive_dedup,block,512,1372,75472,7680,2880,-0.3142,0.117552,0.116520,0.120533,1.139701,1.136330,1.143874,30
3,32,offset,32768,morton,canonical_pruned,block,512,350,34592,7680,2880,-0.5271,0.104277,0.103426,0.106576,0.242563,0.241717,0.243530,30
3,32,offset,32768,morton,naive_dedup,strided,512,1550,82592,7680,,,0.328661,0.327113,0.330183,1.322376,1.321245,1.324731,30
3,32,offset,32768,morton,canonical_pruned,strided,512,528,41712,7680,,,0.321898,0.321011,0.322879,0.474200,0.473068,0.475403,30
3,32,offset,32768,morton,naive_dedup,sparse,512,3674,167552,7680,,,7.835130,7.789614,7.898575,8.840954,8.750778,8.979390,30
3,32,offset,32768,morton,canonical_pruned,sparse,512,2652,126672,7680,,,8.006023,7.987588,8.065430,8.397742,8.369799,8.411468,30
3,32,aligned,32768,morton,naive_dedup,block,4096,8193,491672,61440,11520,-0.0666,1.002217,1.000533,1.007567,9.086438,9.075978,9.093676,30
3,32,aligned,32768,morton,canonical_pruned,block,4096,3,164072,61440,11520,-0.2307,0.680955,0.680029,0.681842,1.474312,1.473547,1.475415,30
3,32,aligned,32768,morton,naive_dedup,strided,4096,9218,532672,61440,,,11.735643,11.717158,11.768485,19.830398,19.786275,19.872573,30
3,32,aligned,32768,morton,canonical_pruned,strided,4096,1028,205072,61440,,,11.444969,11.409738,11.510679,12.432874,12.411053,12.470325,30
3,32,aligned,32768,morton,naive_dedup,sparse,4096,17869,878712,61440,,,58.169049,58.054889,58.401883,66.254522,66.102830,66.655187,30
3,32,aligned,32768,morton,canonical_pruned,sparse,4096,9679,551112,61440,,,58.433002,58.325524,58.541838,60.519075,60.356217,60.835637,30
3,32,offset,32768,morton,naive_dedup,block,4096,9371,538792,61440,11520,-0.0430,1.098223,1.096780,1.099616,9.073427,9.072616,9.076774,30
3,32,offset,32768,morton,canonical_pruned,block,4096,1181,211192,61440,11520,-0.2071,0.834876,0.834140,0.835637,1.738115,1.737234,1.740225,30
3,32,offset,32768,morton,naive_dedup,strided,3072,7949,440952,46080,,,6.993106,6.975763,7.002839,13.043081,13.031419,13.053241,30
3,32,offset,32768,morton,canonical_pruned,strided,3072,1807,195272,46080,,,6.881139,6.869973,6.895857,7.720909,7.701102,7.732050,30
3,32,offset,32768,morton,naive_dedup,sparse,4096,17869,878712,61440,,,57.786611,57.558717,59.699537,65.989295,65.664367,68.727710,30
3,32,offset,32768,morton,canonical_pruned,sparse,4096,9679,551112,61440,,,58.267825,58.064947,59.332169,60.017824,59.885714,60.316558,30
3,32,aligned,32768,hilbert,naive_dedup,block,8,26,1472,120,180,0.0000,0.001383,0.001373,0.001393,0.017893,0.017883,0.017899,30
3,32,aligned,32768,hilbert,canonical_pruned,block,8,12,912,120,180,0.0000,0.001312,0.001298,0.001312,0.004348,0.004338,0.004348,30
3,32,aligned,32768,hilbert,naive_dedup,strided,8,32,1712,120,,,0.001553,0.001543,0.001563,0.017964,0.017954,0.017974,30
3,32,aligned,32768,hilbert,canonical_pruned,strided,8,18,1152,120,,,0.001623,0.001613,0.001633,0.005400,0.005400,0.005410,30
3,32,aligned,32768,hilbert,naive_dedup,sparse,8,101,4472,120,,,0.101126,0.100710,0.101517,0.117111,0.116911,0.117316,30
3,32,aligned,32768,hilbert,canonical_pruned,sparse,8,87,3912,120,,,0.102969,0.102734,0.103265,0.115874,0.115588,0.116034,30
3,32,offset,32768,hilbert,naive_dedup,block,8,26,1472,120,180,0.0000,0.001408,0.001402,0.001413,0.018375,0.018274,0.018394,30
3,32,offset,32768,hilbert,canonical_pruned,block,8,12,912,120,180,0.0000,0.001308,0.001302,0.001318,0.004398,0.004398,0.004403,30
3,32,offset,32768,hilbert,naive_dedup,strided,8,34,1792,120,,,0.001573,0.001573,0.001583,0.018124,0.018115,0.018134,30
3,32,offset,32768,hilbert,canonical_pruned,strided,8,20,1232,120,,,0.001718,0.001704,0.001729,0.005730,0.005721,0.005741,30
3,32,offset,32768,hilbert,naive_dedup,sparse,8,101,4472,120,,,0.101206,0.100950,0.101351,0.117667,0.117331,0.117868,30
3,32,offset,32768,hilbert,canonical_pruned,sparse,8,87,3912,120,,,0.104086,0.103720,0.104402,0.117016,0.116806,0.117487,30
3,32,aligned,32768,hilbert,naive_dedup,block,64,135,8072,960,720,-2.4375,0.010174,0.010149,0.010254,0.142800,0.142770,0.142849,30
3,32,aligned,32768,hilbert,canonical_pruned,block,64,9,3032,960,720,-2.9625,0.007203,0.007178,0.007219,0.021902,0.021856,0.021951,30
3,32,aligned,32768,hilbert,naive_dedup,strided,64,172,9552,960,,,0.014132,0.014042,0.014187,0.145645,0.145244,0.145871,30
3,32,aligned,32768,hilbert,canonical_pruned,strided,64,46,4512,960,,,0.011752,0.011642,0.011828,0.031109,0.031033,0.031184,30
3,32,aligned,32768,hilbert,naive_dedup,sparse,64,659,29032,960,,,1.095177,1.093374,1.097932,1.221977,1.219758,1.228234,30
3,32,aligned,32768,hilbert,canonical_pruned,sparse,64,533,23992,960,,,1.128590,1.126121,1.132718,1.197842,1.195887,1.201448,30
3,32,offset,32768,hilbert,naive_dedup,block,64,230,11872,960,720,-2.0417,0.011567,0.011477,0.011672,0.142489,0.142449,0.142619,30
3,32,offset,32768,hilbert,canonical_pruned,block,64,104,6832,960,720,-2.5667,0.011111,0.011061,0.011156,0.037541,0.037470,0.037641,30
3,32,offset,32768,hilbert,naive_dedup,strided,64,274,13632,960,,,0.015389,0.015314,0.015435,0.145369,0.145254,0.145600,30
3,32,offset,32768,hilbert,canonical_pruned,strided,64,148,8592,960,,,0.016451,0.016406,0.016541,0.048422,0.048261,0.048522,30
3,32,offset,32768,hilbert,naive_dedup,sparse,64,659,29032,960,,,1.099731,1.095878,1.100893,1.221205,1.218526,1.223038,30
3,32,offset,32768,hilbert,canonical_pruned,sparse,64,533,23992,960,,,1.126186,1.124092,1.129176,1.198112,1.196598,1.199464,30
3,32,aligned,32768,hilbert,naive_dedup,block,512,1028,61712,7680,2880,-0.3858,0.094238,0.093401,0.095305,1.135779,1.135463,1.136065,30
3,32,aligned,32768,hilbert,canonical_pruned,block,512,6,20832,7680,2880,-0.5988,0.059047,0.058831,0.059578,0.170492,0.170046,0.171048,30
3,32,aligned,32768,hilbert,naive_dedup,strided,512,1326,73632,7680,,,0.300196,0.299470,0.300973,1.316916,1.316355,1.317983,30
3,32,aligned,32768,hilbert,canonical_pruned,strided,512,304,32752,7680,,,0.291546,0.288574,0.292747,0.421571,0.420865,0.422328,30
3,32,aligned,32768,hilbert,naive_dedup,sparse,512,3667,167272,7680,,,7.743327,7.722823,7.847504,8.657917,8.645535,8.691692,30
3,32,aligned,32768,hilbert,canonical_pruned,sparse,512,2645,126392,7680,,,7.911890,7.899561,7.978050,8.269506,8.252328,8.374764,30
3,32,offset,32768,hilbert,naive_dedup,block,512,1345,74392,7680,2880,-0.3198,0.118509,0.117031,0.120342,1.137903,1.137387,1.138339,30
3,32,offset,32768,hilbert,canonical_pruned,block,512,323,33512,7680,2880,-0.5327,0.104187,0.103426,0.105450,0.240684,0.239858,0.241055,30
3,32,offset,32768,hilbert,naive_dedup,strided,512,1649,86552,7680,,,0.328094,0.326742,0.329286,1.320457,1.319751,1.321485,30
3,32,offset,32768,hilbert,canonical_pruned,strided,512,627,45672,7680,,,0.334357,0.333234,0.335137,0.497428,0.495385,0.498726,30
3,32,offset,32768,hilbert,naive_dedup,sparse,512,3667,167272,7680,,,7.744494,7.713175,7.769792,8.720567,8.711490,8.764845,30
3,32,offset,32768,hilbert,canonical_pruned,sparse,512,2645,126392,7680,,,7.843666,7.832034,7.858649,8.215182,8.206531,8.228148,30
3,32,aligned,32768,hilbert,naive_dedup,block,4096,8193,491672,61440,11520,-0.0666,1.049020,1.047452,1.051570,9.116965,9.114901,9.120301,30
3,32,aligned,32768,hilbert,canonical_pruned,block,4096,3,164072,61440,11520,-0.2307,0.714629,0.713703,0.715311,1.505477,1.504290,1.506439,30
3,32,aligned,32768,hilbert,naive_dedup,strided,4096,10584,587312,61440,,,11.820078,11.792721,11.840822,19.830773,19.808362,19.855606,30
3,32,aligned,32768,hilbert,canonical_pruned,strided,4096,2394,259712,61440,,,11.668070,11.648108,11.700001,12.732625,12.714270,12.752482,30
3,32,aligned,32768,hilbert,naive_dedup,sparse,4096,17885,879352,61440,,,56.752621,56.660371,57.006450,65.079724,64.873996,66.480953,30
3,32,aligned,32768,hilbert,canonical_pruned,sparse,4096,9695,551752,61440,,,57.400903,57.180327,57.563150,59.466037,59.328487,59.610955,30
3,32,offset,32768,hilbert,naive_dedup,block,4096,9314,536512,61440,11520,-0.0442,1.163000,1.159759,1.173300,9.145459,9.133271,9.167220,30
3,32,offset,32768,hilbert,canonical_pruned,block,4096,1124,208912,61440,11520,-0.2083,0.861155,0.860329,0.862654,1.768563,1.764661,1.769595,30
3,32,offset,32768,hilbert,naive_dedup,strided,3072,8823,475912,46080,,,7.015809,7.006581,7.024199,13.074635,13.062412,13.079459,30
3,32,offset,32768,hilbert,canonical_pruned,strided,3072,2681,230232,46080,,,6.996127,6.986378,6.999798,7.888045,7.876323,7.903629,30
3,32,offset,32768,hilbert,naive_dedup,sparse,4096,17885,879352,61440,,,59.239745,58.266342,62.206335,67.624809,66.301069,69.261813,30
3,32,offset,32768,hilbert,canonical_pruned,sparse,4096,9695,551752,61440,,,59.617188,58.598880,60.966580,63.427294,61.914338,67.362057,30
